---,ItemTag,WeaponType,WeaponSlot,WeaponCategory,ActorClass,Common,Visual,Ranged,Melee,AttachmentSlots
Item_Weapon_AssaultRifle,"(TagName=""Item.Weapon.AssaultRifle"")","Ranged","Primary","AssaultRifle","/Game/Blueprint/Weapons/BP_AssaultRifle.BP_AssaultRifle_C","(BaseDamage=20.000000,EffectiveRange=10000.000000,MobilityMultiplier=0.880000,HeadshotMultiplier=1.000000,DamageEffect=""/Script/Engine.BlueprintGeneratedClass'/Game/GameAbilitySystem/Effects/GE_Damage.GE_Damage_C'"",AbilitySet=""/Game/GameAbilitySystem/DataAssets/Base/DA_WeaponAbilitySet.DA_WeaponAbilitySet"")","(WeaponMesh=""/Game/Weapons/Mesh/Assault/SK_ACWI_Assault_Yaxis.SK_ACWI_Assault_Yaxis"",AttachSocket=""hand_r_Socket"",AttachOffset=(Rotation=(X=0.000000,Y=0.000000,Z=0.000000,W=1.000000),Translation=(X=0.000000,Y=0.000000,Z=0.000000),Scale3D=(X=1.000000,Y=1.000000,Z=1.000000)),FixedParts=((Socket=""IRS"",Mesh=""/Game/Weapons/Mesh/Attachment/SM_Assault_IronSight.SM_Assault_IronSight""),(Socket=""Mag"",Mesh=""/Game/Weapons/Mesh/Assault/SM_M4_Mag.SM_M4_Mag"")),OverlayLocomotion=""/Game/Characters/UEFN_Mannequin/Animations/Weapon/Ranged/Rifle/Locomotion/BS_Locomotion_Rifle.BS_Locomotion_Rifle"",AimOffset=""/Game/Characters/UEFN_Mannequin/Animations/Weapon/Ranged/Rifle/AO/AO_WeaponAim_Rifle.AO_WeaponAim_Rifle"",ADSPose=""/Game/Characters/UEFN_Mannequin/Animations/Weapon/Ranged/Rifle/MF_Rifle_Idle_ADS.MF_Rifle_Idle_ADS"",SprintPose=""/Game/Characters/UEFN_Mannequin/Animations/Weapon/Ranged/Rifle/MM_Rifle_Sprint_Impulse.MM_Rifle_Sprint_Impulse"",AttackMontage=""/Game/Characters/UEFN_Mannequin/Animations/Weapon/Montages/Ranged/AM_Rifle_Fire.AM_Rifle_Fire"",EquipMontage=""/Game/Characters/UEFN_Mannequin/Animations/Weapon/Montages/Ranged/AM_Rifle_Equip.AM_Rifle_Equip"",ReloadMontage=""/Game/Characters/UEFN_Mannequin/Animations/Weapon/Montages/Ranged/AM_Rifle_Reload.AM_Rifle_Reload"")","(AmmoType=(TagName=""Ammo.AssaultRifle""),MagazineSize=30,MaxReserveAmmo=300,RoundsPerMinute=500.000000,FireMode=FullAuto,BurstCount=3,PelletsPerShot=1,FireSound=""/Game/Weapons/Ranged/Rifle/Sounds/Cue/CUE_RifleB_Fire_End_ST03_Cue.CUE_RifleB_Fire_End_ST03_Cue"",VerticalRecoil=1.200000,HorizontalRecoil=0.550000,RecoilRecoverySpeed=9.000000,FireCameraShake=""/Script/Engine.BlueprintGeneratedClass'/Game/GameAbilitySystem/CameraShake/CS_WeaponFire.CS_WeaponFire_C'"",FireCameraShakeScale=1.000000,ADSFOV=55.000000,ADSSpeedMultiplier=0.500000,ADSBlendSpeed=12.000000,ADSRecoilMultiplier=0.650000,BaseSpreadDegrees=1.800000,ADSSpreadMultiplier=0.150000,MovingSpreadMultiplier=1.800000,FireFocusPulse=0.250000,MuzzleSocket=""Muzzle"")","(Reach=10000.000000,SweepRadius=40.000000,ArcDegrees=90.000000,HitTime=0.200000,AttackDuration=0.600000,TraceHeight=40.000000,StaminaCost=0.000000,MaxTargets=0,TraceStartSocket=""TraceStart"",TraceEndSocket=""TraceEnd"",SwingSound=None,SwingTrailVFX=None,TrailSocketName=""TrailSocket"")","((SlotTag=(TagName=""AttachmentSlot.Optic""),MeshSocket=""OpticSocket"",AllowedAttachmentTags=(GameplayTags=)),(SlotTag=(TagName=""AttachmentSlot.Muzzle""),MeshSocket=""Muzzle"",AllowedAttachmentTags=(GameplayTags=)),(SlotTag=(TagName=""AttachmentSlot.Magazine""),MeshSocket=""MagazineSocket"",AllowedAttachmentTags=(GameplayTags=)),(SlotTag=(TagName=""AttachmentSlot.Stock""),MeshSocket=""StockSocket"",AllowedAttachmentTags=(GameplayTags=)),(SlotTag=(TagName=""AttachmentSlot.Grip""),MeshSocket=""GripSocket"",AllowedAttachmentTags=(GameplayTags=)))"
Item_Weapon_SniperRifle,"(TagName=""Item.Weapon.SniperRifle"")","Ranged","Primary","SniperRifle","/Game/Blueprint/Weapons/BP_SniperRifle.BP_SniperRifle_C","(BaseDamage=80.000000,EffectiveRange=10000.000000,MobilityMultiplier=0.750000,HeadshotMultiplier=1.000000,DamageEffect=""/Script/Engine.BlueprintGeneratedClass'/Game/GameAbilitySystem/Effects/GE_Damage.GE_Damage_C'"",AbilitySet=""/Game/GameAbilitySystem/DataAssets/Base/DA_WeaponAbilitySet.DA_WeaponAbilitySet"")","(WeaponMesh=""/Game/Weapons/Ranged/Sniper/Mesh/SK_SCB_750_Sniper_YAxis.SK_SCB_750_Sniper_YAxis"",AttachSocket=""hand_r_Socket"",AttachOffset=(Rotation=(X=0.000000,Y=0.000000,Z=0.000000,W=1.000000),Translation=(X=0.000000,Y=0.000000,Z=0.000000),Scale3D=(X=1.000000,Y=1.000000,Z=1.000000)),FixedParts=,OverlayLocomotion=""/Game/Characters/UEFN_Mannequin/Animations/Weapon/Ranged/Rifle/Locomotion/BS_Locomotion_Rifle.BS_Locomotion_Rifle"",AimOffset=""/Game/Characters/UEFN_Mannequin/Animations/Weapon/Ranged/Rifle/AO/AO_WeaponAim_Rifle.AO_WeaponAim_Rifle"",ADSPose=""/Game/Characters/UEFN_Mannequin/Animations/Weapon/Ranged/Rifle/MF_Rifle_Idle_ADS.MF_Rifle_Idle_ADS"",SprintPose=""/Game/Characters/UEFN_Mannequin/Animations/Weapon/Ranged/Rifle/MM_Rifle_Sprint_Impulse.MM_Rifle_Sprint_Impulse"",AttackMontage=""/Game/Characters/UEFN_Mannequin/Animations/Weapon/Montages/Ranged/AM_Rifle_Fire.AM_Rifle_Fire"",EquipMontage=""/Game/Characters/UEFN_Mannequin/Animations/Weapon/Montages/Ranged/AM_Rifle_Equip.AM_Rifle_Equip"",ReloadMontage=""/Game/Characters/UEFN_Mannequin/Animations/Weapon/Montages/Ranged/AM_Rifle_Reload.AM_Rifle_Reload"")","(AmmoType=(TagName=""Ammo.SniperRifle""),MagazineSize=5,MaxReserveAmmo=25,RoundsPerMinute=100.000000,FireMode=Single,BurstCount=3,PelletsPerShot=1,FireSound=""/Game/Weapons/Ranged/Rifle/Sounds/Cue/CUE_RifleB_Fire_End_ST03_Cue.CUE_RifleB_Fire_End_ST03_Cue"",VerticalRecoil=5.500000,HorizontalRecoil=0.800000,RecoilRecoverySpeed=3.500000,FireCameraShake=""/Script/Engine.BlueprintGeneratedClass'/Game/GameAbilitySystem/CameraShake/CS_WeaponFire.CS_WeaponFire_C'"",FireCameraShakeScale=3.000000,ADSFOV=32.000000,ADSSpeedMultiplier=0.350000,ADSBlendSpeed=7.000000,ADSRecoilMultiplier=0.900000,BaseSpreadDegrees=1.000000,ADSSpreadMultiplier=0.300000,MovingSpreadMultiplier=1.000000,FireFocusPulse=0.120000,MuzzleSocket=""Muzzle"")","(Reach=10000.000000,SweepRadius=40.000000,ArcDegrees=90.000000,HitTime=0.200000,AttackDuration=0.600000,TraceHeight=40.000000,StaminaCost=0.000000,MaxTargets=0,TraceStartSocket=""TraceStart"",TraceEndSocket=""TraceEnd"",SwingSound=None,SwingTrailVFX=None,TrailSocketName=""TrailSocket"")","((SlotTag=(TagName=""AttachmentSlot.Optic""),MeshSocket=""OpticSocket"",AllowedAttachmentTags=(GameplayTags=)),(SlotTag=(TagName=""AttachmentSlot.Muzzle""),MeshSocket=""Muzzle"",AllowedAttachmentTags=(GameplayTags=)),(SlotTag=(TagName=""AttachmentSlot.Magazine""),MeshSocket=""MagazineSocket"",AllowedAttachmentTags=(GameplayTags=)),(SlotTag=(TagName=""AttachmentSlot.Stock""),MeshSocket=""StockSocket"",AllowedAttachmentTags=(GameplayTags=)),(SlotTag=(TagName=""AttachmentSlot.Grip""),MeshSocket=""GripSocket"",AllowedAttachmentTags=(GameplayTags=)))"
Item_Weapon_Shotgun,"(TagName=""Item.Weapon.Shotgun"")","Ranged","Primary","Shotgun","/Game/Blueprint/Weapons/BP_ShotGun.BP_ShotGun_C","(BaseDamage=14.000000,EffectiveRange=10000.000000,MobilityMultiplier=0.820000,HeadshotMultiplier=1.000000,DamageEffect=""/Script/Engine.BlueprintGeneratedClass'/Game/GameAbilitySystem/Effects/GE_Damage.GE_Damage_C'"",AbilitySet=""/Game/GameAbilitySystem/DataAssets/Base/DA_WeaponAbilitySet.DA_WeaponAbilitySet"")","(WeaponMesh=""/Game/Weapons/Ranged/Shotgun/Mesh/SKM_Shotgun.SKM_Shotgun"",AttachSocket=""hand_r_Socket"",AttachOffset=(Rotation=(X=0.000000,Y=0.000000,Z=0.000000,W=1.000000),Translation=(X=0.000000,Y=0.000000,Z=0.000000),Scale3D=(X=1.000000,Y=1.000000,Z=1.000000)),FixedParts=,OverlayLocomotion=""/Game/Characters/UEFN_Mannequin/Animations/Weapon/Ranged/Rifle/Locomotion/BS_Locomotion_Rifle.BS_Locomotion_Rifle"",AimOffset=""/Game/Characters/UEFN_Mannequin/Animations/Weapon/Ranged/Rifle/AO/AO_WeaponAim_Rifle.AO_WeaponAim_Rifle"",ADSPose=""/Game/Characters/UEFN_Mannequin/Animations/Weapon/Ranged/Shotgun/MM_Shotgun_Idle_ADS.MM_Shotgun_Idle_ADS"",SprintPose=""/Game/Characters/UEFN_Mannequin/Animations/Weapon/Ranged/Rifle/MM_Rifle_Sprint_Impulse.MM_Rifle_Sprint_Impulse"",AttackMontage=""/Game/Characters/UEFN_Mannequin/Animations/Weapon/Montages/Ranged/AM_Shotgun_Fire.AM_Shotgun_Fire"",EquipMontage=""/Game/Characters/UEFN_Mannequin/Animations/Weapon/Montages/Ranged/AM_Shotgun_Eqiup.AM_Shotgun_Eqiup"",ReloadMontage=""/Game/Characters/UEFN_Mannequin/Animations/Weapon/Montages/Ranged/AM_Shotgun_Reload.AM_Shotgun_Reload"")","(AmmoType=(TagName=""Ammo.Shotgun""),MagazineSize=8,MaxReserveAmmo=80,RoundsPerMinute=400.000000,FireMode=Single,BurstCount=3,PelletsPerShot=8,FireSound=""/Game/Weapons/Ranged/Shotgun/Sounds/Weapons/Shotgun/Weapons_Shogun_Fire_Cue.Weapons_Shogun_Fire_Cue"",VerticalRecoil=4.000000,HorizontalRecoil=1.400000,RecoilRecoverySpeed=5.000000,FireCameraShake=""/Script/Engine.BlueprintGeneratedClass'/Game/GameAbilitySystem/CameraShake/CS_WeaponFire.CS_WeaponFire_C'"",FireCameraShakeScale=2.400000,ADSFOV=68.000000,ADSSpeedMultiplier=0.500000,ADSBlendSpeed=10.000000,ADSRecoilMultiplier=0.850000,BaseSpreadDegrees=5.000000,ADSSpreadMultiplier=0.600000,MovingSpreadMultiplier=1.800000,FireFocusPulse=0.250000,MuzzleSocket=""Muzzle"")","(Reach=10000.000000,SweepRadius=40.000000,ArcDegrees=90.000000,HitTime=0.200000,AttackDuration=0.600000,TraceHeight=40.000000,StaminaCost=0.000000,MaxTargets=0,TraceStartSocket=""TraceStart"",TraceEndSocket=""TraceEnd"",SwingSound=None,SwingTrailVFX=None,TrailSocketName=""TrailSocket"")","((SlotTag=(TagName=""AttachmentSlot.Optic""),MeshSocket=""OpticSocket"",AllowedAttachmentTags=(GameplayTags=)),(SlotTag=(TagName=""AttachmentSlot.Muzzle""),MeshSocket=""Muzzle"",AllowedAttachmentTags=(GameplayTags=)),(SlotTag=(TagName=""AttachmentSlot.Magazine""),MeshSocket=""MagazineSocket"",AllowedAttachmentTags=(GameplayTags=)),(SlotTag=(TagName=""AttachmentSlot.Stock""),MeshSocket=""StockSocket"",AllowedAttachmentTags=(GameplayTags=)),(SlotTag=(TagName=""AttachmentSlot.Grip""),MeshSocket=""GripSocket"",AllowedAttachmentTags=(GameplayTags=)))"
Item_Weapon_Pistol,"(TagName=""Item.Weapon.Pistol"")","Ranged","Secondary","Pistol","/Game/Blueprint/Weapons/BP_Pistol.BP_Pistol_C","(BaseDamage=5.000000,EffectiveRange=10000.000000,MobilityMultiplier=1.000000,HeadshotMultiplier=1.000000,DamageEffect=""/Script/Engine.BlueprintGeneratedClass'/Game/GameAbilitySystem/Effects/GE_Damage.GE_Damage_C'"",AbilitySet=""/Game/GameAbilitySystem/DataAssets/Base/DA_WeaponAbilitySet.DA_WeaponAbilitySet"")","(WeaponMesh=""/Game/Weapons/Ranged/Pistol/Mesh/SK_Pistol.SK_Pistol"",AttachSocket=""hand_r_Socket_Pistol"",AttachOffset=(Rotation=(X=0.000000,Y=0.000000,Z=0.000000,W=1.000000),Translation=(X=0.000000,Y=0.000000,Z=0.000000),Scale3D=(X=1.000000,Y=1.000000,Z=1.000000)),FixedParts=,OverlayLocomotion=""/Game/Characters/UEFN_Mannequin/Animations/Weapon/Ranged/Pistol/Locomotion/BS_Locomotion_Pistol.BS_Locomotion_Pistol"",AimOffset=""/Game/Characters/UEFN_Mannequin/Animations/Weapon/Ranged/Pistol/AO/AO_WeaponAim_Pistol.AO_WeaponAim_Pistol"",ADSPose=""/Game/Characters/UEFN_Mannequin/Animations/Weapon/Ranged/Pistol/MF_Pistol_Idle_ADS.MF_Pistol_Idle_ADS"",SprintPose=None,AttackMontage=""/Game/Characters/UEFN_Mannequin/Animations/Weapon/Montages/Ranged/AM_Pistol_Fire.AM_Pistol_Fire"",EquipMontage=""/Game/Characters/UEFN_Mannequin/Animations/Weapon/Montages/Ranged/AM_Pistol_Equip.AM_Pistol_Equip"",ReloadMontage=""/Game/Characters/UEFN_Mannequin/Animations/Weapon/Montages/Ranged/AM_Pistol_Reload.AM_Pistol_Reload"")","(AmmoType=(TagName=""Ammo.Pistol""),MagazineSize=12,MaxReserveAmmo=120,RoundsPerMinute=400.000000,FireMode=Single,BurstCount=3,PelletsPerShot=1,FireSound=""/Game/Weapons/Ranged/Pistol/Sounds/Weapons/Pistol/Weapons_Pistol_Punch-Close_Cue.Weapons_Pistol_Punch-Close_Cue"",VerticalRecoil=0.900000,HorizontalRecoil=0.350000,RecoilRecoverySpeed=13.000000,FireCameraShake=""/Script/Engine.BlueprintGeneratedClass'/Game/GameAbilitySystem/CameraShake/CS_WeaponFire.CS_WeaponFire_C'"",FireCameraShakeScale=0.800000,ADSFOV=70.000000,ADSSpeedMultiplier=0.750000,ADSBlendSpeed=18.000000,ADSRecoilMultiplier=0.700000,BaseSpreadDegrees=3.000000,ADSSpreadMultiplier=0.120000,MovingSpreadMultiplier=1.500000,FireFocusPulse=0.250000,MuzzleSocket=""Muzzle"")","(Reach=10000.000000,SweepRadius=40.000000,ArcDegrees=90.000000,HitTime=0.200000,AttackDuration=0.600000,TraceHeight=40.000000,StaminaCost=0.000000,MaxTargets=0,TraceStartSocket=""TraceStart"",TraceEndSocket=""TraceEnd"",SwingSound=None,SwingTrailVFX=None,TrailSocketName=""TrailSocket"")","((SlotTag=(TagName=""AttachmentSlot.Optic""),MeshSocket=""OpticSocket"",AllowedAttachmentTags=(GameplayTags=)),(SlotTag=(TagName=""AttachmentSlot.Muzzle""),MeshSocket=""Muzzle"",AllowedAttachmentTags=(GameplayTags=)),(SlotTag=(TagName=""AttachmentSlot.Magazine""),MeshSocket=""MagazineSocket"",AllowedAttachmentTags=(GameplayTags=)),(SlotTag=(TagName=""AttachmentSlot.Stock""),MeshSocket=""StockSocket"",AllowedAttachmentTags=(GameplayTags=)),(SlotTag=(TagName=""AttachmentSlot.Grip""),MeshSocket=""GripSocket"",AllowedAttachmentTags=(GameplayTags=)))"
Item_Weapon_FireAxe,"(TagName=""Item.Weapon.FireAxe"")","Melee","Melee","Melee","/Game/Blueprint/Weapons/BP_FireAxe.BP_FireAxe_C","(BaseDamage=35.000000,EffectiveRange=150.000000,MobilityMultiplier=1.000000,HeadshotMultiplier=1.000000,DamageEffect=""/Script/Engine.BlueprintGeneratedClass'/Game/GameAbilitySystem/Effects/GE_Damage.GE_Damage_C'"",AbilitySet=""/Game/GameAbilitySystem/DataAssets/Base/DA_WeaponAbilitySet.DA_WeaponAbilitySet"")","(WeaponMesh=""/Game/Weapons/Melee/FireAxe/Meshes/SKM_FireAxe.SKM_FireAxe"",AttachSocket=""hand_r_Socket"",AttachOffset=(Rotation=(X=0.000000,Y=0.000000,Z=0.000000,W=1.000000),Translation=(X=0.000000,Y=0.000000,Z=0.000000),Scale3D=(X=1.000000,Y=1.000000,Z=1.000000)),FixedParts=,OverlayLocomotion=None,AimOffset=None,ADSPose=None,SprintPose=None,AttackMontage=""/Game/Characters/UEFN_Mannequin/Animations/Weapon/Montages/Melee/AM_Melee_Attack.AM_Melee_Attack"",EquipMontage=""/Game/Characters/UEFN_Mannequin/Animations/Weapon/Montages/Melee/AM_Melee_Equip_Axe.AM_Melee_Equip_Axe"",ReloadMontage=None)","(AmmoType=(TagName=""""),MagazineSize=30,MaxReserveAmmo=120,RoundsPerMinute=600.000000,FireMode=Single,BurstCount=3,PelletsPerShot=1,FireSound=None,VerticalRecoil=0.600000,HorizontalRecoil=0.300000,RecoilRecoverySpeed=8.000000,FireCameraShake=None,FireCameraShakeScale=1.000000,ADSFOV=50.000000,ADSSpeedMultiplier=0.500000,ADSBlendSpeed=12.000000,ADSRecoilMultiplier=0.500000,BaseSpreadDegrees=1.500000,ADSSpreadMultiplier=0.300000,MovingSpreadMultiplier=1.800000,FireFocusPulse=0.120000,MuzzleSocket=""Muzzle"")","(Reach=150.000000,SweepRadius=40.000000,ArcDegrees=90.000000,HitTime=0.200000,AttackDuration=0.600000,TraceHeight=40.000000,StaminaCost=0.000000,MaxTargets=0,TraceStartSocket=""TraceStart"",TraceEndSocket=""TraceEnd"",SwingSound=None,SwingTrailVFX=None,TrailSocketName=""TrailSocket"")","((SlotTag=(TagName=""AttachmentSlot.Melee.Mod""),MeshSocket=""ModSocket"",AllowedAttachmentTags=(GameplayTags=)))"
Item_Weapon_M4,"(TagName=""Item.Weapon.M4"")","Ranged","Primary","AssaultRifle","/Game/Blueprint/Weapons/AssaultRifle/BP_W_M4.BP_W_M4_C","(BaseDamage=22.000000,EffectiveRange=10000.000000,MobilityMultiplier=0.900000,HeadshotMultiplier=2.000000,DamageEffect=""/Script/Engine.BlueprintGeneratedClass'/Game/GameAbilitySystem/Effects/GE_Damage.GE_Damage_C'"",AbilitySet=""/Game/GameAbilitySystem/DataAssets/Base/DA_WeaponAbilitySet.DA_WeaponAbilitySet"")","(WeaponMesh=""/Game/Weapons/Mesh/Assault/SK_M4_Assault_Yaxis.SK_M4_Assault_Yaxis"",AttachSocket=""hand_r_Socket"",AttachOffset=(Rotation=(X=0.000000,Y=0.000000,Z=0.000000,W=1.000000),Translation=(X=0.000000,Y=0.000000,Z=0.000000),Scale3D=(X=1.000000,Y=1.000000,Z=1.000000)),FixedParts=((Socket=""IRS"",Mesh=""/Game/Weapons/Mesh/Attachment/SM_Assault_IronSight.SM_Assault_IronSight""),(Socket=""Mag"",Mesh=""/Game/Weapons/Mesh/Assault/SM_M4_Mag.SM_M4_Mag"")),OverlayLocomotion=""/Game/Characters/UEFN_Mannequin/Animations/Weapon/Ranged/Rifle/Locomotion/BS_Locomotion_Rifle.BS_Locomotion_Rifle"",AimOffset=""/Game/Characters/UEFN_Mannequin/Animations/Weapon/Ranged/Rifle/AO/AO_WeaponAim_Rifle.AO_WeaponAim_Rifle"",ADSPose=""/Game/Characters/UEFN_Mannequin/Animations/Weapon/Ranged/Rifle/MF_Rifle_Idle_ADS.MF_Rifle_Idle_ADS"",SprintPose=""/Game/Characters/UEFN_Mannequin/Animations/Weapon/Ranged/Rifle/MM_Rifle_Sprint_Impulse.MM_Rifle_Sprint_Impulse"",AttackMontage=""/Game/Characters/UEFN_Mannequin/Animations/Weapon/Montages/Ranged/AM_Rifle_Fire.AM_Rifle_Fire"",EquipMontage=""/Game/Characters/UEFN_Mannequin/Animations/Weapon/Montages/Ranged/AM_Rifle_Equip.AM_Rifle_Equip"",ReloadMontage=""/Game/Characters/UEFN_Mannequin/Animations/Weapon/Montages/Ranged/AM_Rifle_Reload.AM_Rifle_Reload"")","(AmmoType=(TagName=""Ammo.AssaultRifle""),MagazineSize=30,MaxReserveAmmo=300,RoundsPerMinute=700.000000,FireMode=FullAuto,BurstCount=3,PelletsPerShot=1,FireSound=""/Game/Weapons/Ranged/Rifle/Sounds/Cue/CUE_RifleB_Fire_End_ST03_Cue.CUE_RifleB_Fire_End_ST03_Cue"",VerticalRecoil=1.050000,HorizontalRecoil=0.450000,RecoilRecoverySpeed=10.000000,FireCameraShake=""/Script/Engine.BlueprintGeneratedClass'/Game/GameAbilitySystem/CameraShake/CS_WeaponFire.CS_WeaponFire_C'"",FireCameraShakeScale=1.000000,ADSFOV=55.000000,ADSSpeedMultiplier=0.500000,ADSBlendSpeed=12.000000,ADSRecoilMultiplier=0.600000,BaseSpreadDegrees=1.600000,ADSSpreadMultiplier=0.130000,MovingSpreadMultiplier=1.800000,FireFocusPulse=0.250000,MuzzleSocket=""Muzzle"")","(Reach=10000.000000,SweepRadius=40.000000,ArcDegrees=90.000000,HitTime=0.200000,AttackDuration=0.600000,TraceHeight=40.000000,StaminaCost=0.000000,MaxTargets=0,TraceStartSocket=""TraceStart"",TraceEndSocket=""TraceEnd"",SwingSound=None,SwingTrailVFX=None,TrailSocketName=""TrailSocket"")","((SlotTag=(TagName=""AttachmentSlot.Optic""),MeshSocket=""Scope"",AllowedAttachmentTags=(GameplayTags=)),(SlotTag=(TagName=""AttachmentSlot.Muzzle""),MeshSocket=""Barrel"",AllowedAttachmentTags=(GameplayTags=)),(SlotTag=(TagName=""AttachmentSlot.Grip""),MeshSocket=""Grip"",AllowedAttachmentTags=(GameplayTags=)),(SlotTag=(TagName=""AttachmentSlot.ForeEnd""),MeshSocket=""ForeEnd"",AllowedAttachmentTags=(GameplayTags=)))"
Item_Weapon_AK110,"(TagName=""Item.Weapon.AK110"")","Ranged","Primary","AssaultRifle","/Game/Blueprint/Weapons/AssaultRifle/BP_W_AK110.BP_W_AK110_C","(BaseDamage=28.000000,EffectiveRange=10000.000000,MobilityMultiplier=0.860000,HeadshotMultiplier=2.000000,DamageEffect=""/Script/Engine.BlueprintGeneratedClass'/Game/GameAbilitySystem/Effects/GE_Damage.GE_Damage_C'"",AbilitySet=""/Game/GameAbilitySystem/DataAssets/Base/DA_WeaponAbilitySet.DA_WeaponAbilitySet"")","(WeaponMesh=""/Game/Weapons/Mesh/Assault/SK_AK-110_Assault_Yaxis.SK_AK-110_Assault_Yaxis"",AttachSocket=""hand_r_Socket"",AttachOffset=(Rotation=(X=0.000000,Y=0.000000,Z=0.000000,W=1.000000),Translation=(X=0.000000,Y=0.000000,Z=0.000000),Scale3D=(X=1.000000,Y=1.000000,Z=1.000000)),FixedParts=((Socket=""IRS"",Mesh=""/Game/Weapons/Mesh/Attachment/SM_Assault_IronSight.SM_Assault_IronSight""),(Socket=""Mag"",Mesh=""/Game/Weapons/Mesh/Assault/SM_AK-110_Mag.SM_AK-110_Mag"")),OverlayLocomotion=""/Game/Characters/UEFN_Mannequin/Animations/Weapon/Ranged/Rifle/Locomotion/BS_Locomotion_Rifle.BS_Locomotion_Rifle"",AimOffset=""/Game/Characters/UEFN_Mannequin/Animations/Weapon/Ranged/Rifle/AO/AO_WeaponAim_Rifle.AO_WeaponAim_Rifle"",ADSPose=""/Game/Characters/UEFN_Mannequin/Animations/Weapon/Ranged/Rifle/MF_Rifle_Idle_ADS.MF_Rifle_Idle_ADS"",SprintPose=""/Game/Characters/UEFN_Mannequin/Animations/Weapon/Ranged/Rifle/MM_Rifle_Sprint_Impulse.MM_Rifle_Sprint_Impulse"",AttackMontage=""/Game/Characters/UEFN_Mannequin/Animations/Weapon/Montages/Ranged/AM_Rifle_Fire.AM_Rifle_Fire"",EquipMontage=""/Game/Characters/UEFN_Mannequin/Animations/Weapon/Montages/Ranged/AM_Rifle_Equip.AM_Rifle_Equip"",ReloadMontage=""/Game/Characters/UEFN_Mannequin/Animations/Weapon/Montages/Ranged/AM_Rifle_Reload.AM_Rifle_Reload"")","(AmmoType=(TagName=""Ammo.AssaultRifle""),MagazineSize=30,MaxReserveAmmo=300,RoundsPerMinute=560.000000,FireMode=FullAuto,BurstCount=3,PelletsPerShot=1,FireSound=""/Game/Weapons/Ranged/Rifle/Sounds/Cue/CUE_RifleB_Fire_End_ST03_Cue.CUE_RifleB_Fire_End_ST03_Cue"",VerticalRecoil=1.450000,HorizontalRecoil=0.700000,RecoilRecoverySpeed=8.000000,FireCameraShake=""/Script/Engine.BlueprintGeneratedClass'/Game/GameAbilitySystem/CameraShake/CS_WeaponFire.CS_WeaponFire_C'"",FireCameraShakeScale=1.200000,ADSFOV=55.000000,ADSSpeedMultiplier=0.450000,ADSBlendSpeed=12.000000,ADSRecoilMultiplier=0.700000,BaseSpreadDegrees=2.000000,ADSSpreadMultiplier=0.180000,MovingSpreadMultiplier=1.900000,FireFocusPulse=0.250000,MuzzleSocket=""Muzzle"")","(Reach=10000.000000,SweepRadius=40.000000,ArcDegrees=90.000000,HitTime=0.200000,AttackDuration=0.600000,TraceHeight=40.000000,StaminaCost=0.000000,MaxTargets=0,TraceStartSocket=""TraceStart"",TraceEndSocket=""TraceEnd"",SwingSound=None,SwingTrailVFX=None,TrailSocketName=""TrailSocket"")","((SlotTag=(TagName=""AttachmentSlot.Optic""),MeshSocket=""Scope"",AllowedAttachmentTags=(GameplayTags=)),(SlotTag=(TagName=""AttachmentSlot.Muzzle""),MeshSocket=""Barrel"",AllowedAttachmentTags=(GameplayTags=)),(SlotTag=(TagName=""AttachmentSlot.Grip""),MeshSocket=""Grip"",AllowedAttachmentTags=(GameplayTags=)),(SlotTag=(TagName=""AttachmentSlot.ForeEnd""),MeshSocket=""ForeEnd"",AllowedAttachmentTags=(GameplayTags=)))"
Item_Weapon_ACWI,"(TagName=""Item.Weapon.ACWI"")","Ranged","Primary","AssaultRifle","/Game/Blueprint/Weapons/AssaultRifle/BP_W_ACWI.BP_W_ACWI_C","(BaseDamage=20.000000,EffectiveRange=10000.000000,MobilityMultiplier=0.840000,HeadshotMultiplier=2.000000,DamageEffect=""/Script/Engine.BlueprintGeneratedClass'/Game/GameAbilitySystem/Effects/GE_Damage.GE_Damage_C'"",AbilitySet=""/Game/GameAbilitySystem/DataAssets/Base/DA_WeaponAbilitySet.DA_WeaponAbilitySet"")","(WeaponMesh=""/Game/Weapons/Mesh/Assault/SK_ACWI_Assault_Yaxis.SK_ACWI_Assault_Yaxis"",AttachSocket=""hand_r_Socket"",AttachOffset=(Rotation=(X=0.000000,Y=0.000000,Z=0.000000,W=1.000000),Translation=(X=0.000000,Y=0.000000,Z=0.000000),Scale3D=(X=1.000000,Y=1.000000,Z=1.000000)),FixedParts=((Socket=""IRS"",Mesh=""/Game/Weapons/Mesh/Attachment/SM_Assault_IronSight.SM_Assault_IronSight""),(Socket=""Mag"",Mesh=""/Game/Weapons/Mesh/Assault/SM_ACWI_Mag.SM_ACWI_Mag"")),OverlayLocomotion=""/Game/Characters/UEFN_Mannequin/Animations/Weapon/Ranged/Rifle/Locomotion/BS_Locomotion_Rifle.BS_Locomotion_Rifle"",AimOffset=""/Game/Characters/UEFN_Mannequin/Animations/Weapon/Ranged/Rifle/AO/AO_WeaponAim_Rifle.AO_WeaponAim_Rifle"",ADSPose=""/Game/Characters/UEFN_Mannequin/Animations/Weapon/Ranged/Rifle/MF_Rifle_Idle_ADS.MF_Rifle_Idle_ADS"",SprintPose=""/Game/Characters/UEFN_Mannequin/Animations/Weapon/Ranged/Rifle/MM_Rifle_Sprint_Impulse.MM_Rifle_Sprint_Impulse"",AttackMontage=""/Game/Characters/UEFN_Mannequin/Animations/Weapon/Montages/Ranged/AM_Rifle_Fire.AM_Rifle_Fire"",EquipMontage=""/Game/Characters/UEFN_Mannequin/Animations/Weapon/Montages/Ranged/AM_Rifle_Equip.AM_Rifle_Equip"",ReloadMontage=""/Game/Characters/UEFN_Mannequin/Animations/Weapon/Montages/Ranged/AM_Rifle_Reload.AM_Rifle_Reload"")","(AmmoType=(TagName=""Ammo.AssaultRifle""),MagazineSize=30,MaxReserveAmmo=300,RoundsPerMinute=800.000000,FireMode=FullAuto,BurstCount=3,PelletsPerShot=1,FireSound=""/Game/Weapons/Ranged/Rifle/Sounds/Cue/CUE_RifleB_Fire_End_ST03_Cue.CUE_RifleB_Fire_End_ST03_Cue"",VerticalRecoil=0.950000,HorizontalRecoil=0.500000,RecoilRecoverySpeed=10.500000,FireCameraShake=""/Script/Engine.BlueprintGeneratedClass'/Game/GameAbilitySystem/CameraShake/CS_WeaponFire.CS_WeaponFire_C'"",FireCameraShakeScale=1.000000,ADSFOV=55.000000,ADSSpeedMultiplier=0.420000,ADSBlendSpeed=12.000000,ADSRecoilMultiplier=0.600000,BaseSpreadDegrees=1.700000,ADSSpreadMultiplier=0.150000,MovingSpreadMultiplier=1.800000,FireFocusPulse=0.250000,MuzzleSocket=""Muzzle"")","(Reach=10000.000000,SweepRadius=40.000000,ArcDegrees=90.000000,HitTime=0.200000,AttackDuration=0.600000,TraceHeight=40.000000,StaminaCost=0.000000,MaxTargets=0,TraceStartSocket=""TraceStart"",TraceEndSocket=""TraceEnd"",SwingSound=None,SwingTrailVFX=None,TrailSocketName=""TrailSocket"")","((SlotTag=(TagName=""AttachmentSlot.Optic""),MeshSocket=""Scope"",AllowedAttachmentTags=(GameplayTags=)),(SlotTag=(TagName=""AttachmentSlot.Muzzle""),MeshSocket=""Barrel"",AllowedAttachmentTags=(GameplayTags=)),(SlotTag=(TagName=""AttachmentSlot.Grip""),MeshSocket=""Grip"",AllowedAttachmentTags=(GameplayTags=)),(SlotTag=(TagName=""AttachmentSlot.ForeEnd""),MeshSocket=""ForeEnd"",AllowedAttachmentTags=(GameplayTags=)))"
Item_Weapon_N90,"(TagName=""Item.Weapon.N90"")","Ranged","Primary","AssaultRifle","/Game/Blueprint/Weapons/AssaultRifle/BP_W_N90.BP_W_N90_C","(BaseDamage=24.000000,EffectiveRange=10000.000000,MobilityMultiplier=0.720000,HeadshotMultiplier=1.800000,DamageEffect=""/Script/Engine.BlueprintGeneratedClass'/Game/GameAbilitySystem/Effects/GE_Damage.GE_Damage_C'"",AbilitySet=""/Game/GameAbilitySystem/DataAssets/Base/DA_WeaponAbilitySet.DA_WeaponAbilitySet"")","(WeaponMesh=""/Game/Weapons/Mesh/LMG/SK_N90_LMG_Yaxis.SK_N90_LMG_Yaxis"",AttachSocket=""hand_r_Socket"",AttachOffset=(Rotation=(X=0.000000,Y=0.000000,Z=0.000000,W=1.000000),Translation=(X=0.000000,Y=0.000000,Z=0.000000),Scale3D=(X=1.000000,Y=1.000000,Z=1.000000)),FixedParts=((Socket=""IRS"",Mesh=""/Game/Weapons/Mesh/Attachment/SM_N90_IRS.SM_N90_IRS""),(Socket=""Mag"",Mesh=""/Game/Weapons/Mesh/LMG/SM_N90_Mag_loaded.SM_N90_Mag_loaded"")),OverlayLocomotion=""/Game/Characters/UEFN_Mannequin/Animations/Weapon/Ranged/Rifle/Locomotion/BS_Locomotion_Rifle.BS_Locomotion_Rifle"",AimOffset=""/Game/Characters/UEFN_Mannequin/Animations/Weapon/Ranged/Rifle/AO/AO_WeaponAim_Rifle.AO_WeaponAim_Rifle"",ADSPose=""/Game/Characters/UEFN_Mannequin/Animations/Weapon/Ranged/Rifle/MF_Rifle_Idle_ADS.MF_Rifle_Idle_ADS"",SprintPose=""/Game/Characters/UEFN_Mannequin/Animations/Weapon/Ranged/Rifle/MM_Rifle_Sprint_Impulse.MM_Rifle_Sprint_Impulse"",AttackMontage=""/Game/Characters/UEFN_Mannequin/Animations/Weapon/Montages/Ranged/AM_Rifle_Fire.AM_Rifle_Fire"",EquipMontage=""/Game/Characters/UEFN_Mannequin/Animations/Weapon/Montages/Ranged/AM_Rifle_Equip.AM_Rifle_Equip"",ReloadMontage=""/Game/Characters/UEFN_Mannequin/Animations/Weapon/Montages/Ranged/AM_Rifle_Reload.AM_Rifle_Reload"")","(AmmoType=(TagName=""Ammo.AssaultRifle""),MagazineSize=75,MaxReserveAmmo=300,RoundsPerMinute=650.000000,FireMode=FullAuto,BurstCount=3,PelletsPerShot=1,FireSound=""/Game/Weapons/Ranged/Rifle/Sounds/Cue/CUE_RifleB_Fire_End_ST03_Cue.CUE_RifleB_Fire_End_ST03_Cue"",VerticalRecoil=1.600000,HorizontalRecoil=0.850000,RecoilRecoverySpeed=6.500000,FireCameraShake=""/Script/Engine.BlueprintGeneratedClass'/Game/GameAbilitySystem/CameraShake/CS_WeaponFire.CS_WeaponFire_C'"",FireCameraShakeScale=1.400000,ADSFOV=60.000000,ADSSpeedMultiplier=0.300000,ADSBlendSpeed=10.000000,ADSRecoilMultiplier=0.750000,BaseSpreadDegrees=2.800000,ADSSpreadMultiplier=0.280000,MovingSpreadMultiplier=2.200000,FireFocusPulse=0.250000,MuzzleSocket=""Muzzle"")","(Reach=10000.000000,SweepRadius=40.000000,ArcDegrees=90.000000,HitTime=0.200000,AttackDuration=0.600000,TraceHeight=40.000000,StaminaCost=0.000000,MaxTargets=0,TraceStartSocket=""TraceStart"",TraceEndSocket=""TraceEnd"",SwingSound=None,SwingTrailVFX=None,TrailSocketName=""TrailSocket"")","((SlotTag=(TagName=""AttachmentSlot.Optic""),MeshSocket=""Scope"",AllowedAttachmentTags=(GameplayTags=)),(SlotTag=(TagName=""AttachmentSlot.Muzzle""),MeshSocket=""Barrel"",AllowedAttachmentTags=(GameplayTags=)),(SlotTag=(TagName=""AttachmentSlot.Grip""),MeshSocket=""Grip"",AllowedAttachmentTags=(GameplayTags=)),(SlotTag=(TagName=""AttachmentSlot.ForeEnd""),MeshSocket=""ForeEnd"",AllowedAttachmentTags=(GameplayTags=)))"
Item_Weapon_GTM,"(TagName=""Item.Weapon.GTM"")","Ranged","Primary","SMG","/Game/Blueprint/Weapons/SMG/BP_W_GTM.BP_W_GTM_C","(BaseDamage=15.000000,EffectiveRange=10000.000000,MobilityMultiplier=1.020000,HeadshotMultiplier=1.800000,DamageEffect=""/Script/Engine.BlueprintGeneratedClass'/Game/GameAbilitySystem/Effects/GE_Damage.GE_Damage_C'"",AbilitySet=""/Game/GameAbilitySystem/DataAssets/Base/DA_WeaponAbilitySet.DA_WeaponAbilitySet"")","(WeaponMesh=""/Game/Weapons/Mesh/SMG/SK_GTM_SMG_Yaxis.SK_GTM_SMG_Yaxis"",AttachSocket=""hand_r_Socket"",AttachOffset=(Rotation=(X=0.000000,Y=0.000000,Z=0.000000,W=1.000000),Translation=(X=0.000000,Y=0.000000,Z=0.000000),Scale3D=(X=1.000000,Y=1.000000,Z=1.000000)),FixedParts=((Socket=""IRS"",Mesh=""/Game/Weapons/Mesh/Attachment/SM_GTM_Sight.SM_GTM_Sight""),(Socket=""Mag"",Mesh=""/Game/Weapons/Mesh/SMG/SM_GTM_Mag.SM_GTM_Mag"")),OverlayLocomotion=""/Game/Characters/UEFN_Mannequin/Animations/Weapon/Ranged/Rifle/Locomotion/BS_Locomotion_Rifle.BS_Locomotion_Rifle"",AimOffset=""/Game/Characters/UEFN_Mannequin/Animations/Weapon/Ranged/Rifle/AO/AO_WeaponAim_Rifle.AO_WeaponAim_Rifle"",ADSPose=""/Game/Characters/UEFN_Mannequin/Animations/Weapon/Ranged/Rifle/MF_Rifle_Idle_ADS.MF_Rifle_Idle_ADS"",SprintPose=""/Game/Characters/UEFN_Mannequin/Animations/Weapon/Ranged/Rifle/MM_Rifle_Sprint_Impulse.MM_Rifle_Sprint_Impulse"",AttackMontage=""/Game/Characters/UEFN_Mannequin/Animations/Weapon/Montages/Ranged/AM_Rifle_Fire.AM_Rifle_Fire"",EquipMontage=""/Game/Characters/UEFN_Mannequin/Animations/Weapon/Montages/Ranged/AM_Rifle_Equip.AM_Rifle_Equip"",ReloadMontage=""/Game/Characters/UEFN_Mannequin/Animations/Weapon/Montages/Ranged/AM_Rifle_Reload.AM_Rifle_Reload"")","(AmmoType=(TagName=""Ammo.Pistol""),MagazineSize=30,MaxReserveAmmo=200,RoundsPerMinute=900.000000,FireMode=FullAuto,BurstCount=3,PelletsPerShot=1,FireSound=""/Game/Weapons/Ranged/Pistol/Sounds/Weapons/Pistol/Weapons_Pistol_Punch-Close_Cue.Weapons_Pistol_Punch-Close_Cue"",VerticalRecoil=0.700000,HorizontalRecoil=0.500000,RecoilRecoverySpeed=12.000000,FireCameraShake=""/Script/Engine.BlueprintGeneratedClass'/Game/GameAbilitySystem/CameraShake/CS_WeaponFire.CS_WeaponFire_C'"",FireCameraShakeScale=0.900000,ADSFOV=62.000000,ADSSpeedMultiplier=0.650000,ADSBlendSpeed=14.000000,ADSRecoilMultiplier=0.550000,BaseSpreadDegrees=2.600000,ADSSpreadMultiplier=0.220000,MovingSpreadMultiplier=1.500000,FireFocusPulse=0.200000,MuzzleSocket=""Muzzle"")","(Reach=10000.000000,SweepRadius=40.000000,ArcDegrees=90.000000,HitTime=0.200000,AttackDuration=0.600000,TraceHeight=40.000000,StaminaCost=0.000000,MaxTargets=0,TraceStartSocket=""TraceStart"",TraceEndSocket=""TraceEnd"",SwingSound=None,SwingTrailVFX=None,TrailSocketName=""TrailSocket"")","((SlotTag=(TagName=""AttachmentSlot.Optic""),MeshSocket=""Scope"",AllowedAttachmentTags=(GameplayTags=)),(SlotTag=(TagName=""AttachmentSlot.Muzzle""),MeshSocket=""Barrel"",AllowedAttachmentTags=(GameplayTags=)),(SlotTag=(TagName=""AttachmentSlot.Grip""),MeshSocket=""Grip"",AllowedAttachmentTags=(GameplayTags=)),(SlotTag=(TagName=""AttachmentSlot.ForeEnd""),MeshSocket=""ForeEnd"",AllowedAttachmentTags=(GameplayTags=)))"
Item_Weapon_PP9,"(TagName=""Item.Weapon.PP9"")","Ranged","Primary","SMG","/Game/Blueprint/Weapons/SMG/BP_W_PP9.BP_W_PP9_C","(BaseDamage=17.000000,EffectiveRange=10000.000000,MobilityMultiplier=1.000000,HeadshotMultiplier=1.800000,DamageEffect=""/Script/Engine.BlueprintGeneratedClass'/Game/GameAbilitySystem/Effects/GE_Damage.GE_Damage_C'"",AbilitySet=""/Game/GameAbilitySystem/DataAssets/Base/DA_WeaponAbilitySet.DA_WeaponAbilitySet"")","(WeaponMesh=""/Game/Weapons/Mesh/SMG/SK_PP9_SMG_Yaxis.SK_PP9_SMG_Yaxis"",AttachSocket=""hand_r_Socket"",AttachOffset=(Rotation=(X=0.000000,Y=0.000000,Z=0.000000,W=1.000000),Translation=(X=0.000000,Y=0.000000,Z=0.000000),Scale3D=(X=1.000000,Y=1.000000,Z=1.000000)),FixedParts=((Socket=""Mag"",Mesh=""/Game/Weapons/Mesh/SMG/SM_PP9_Mag.SM_PP9_Mag"")),OverlayLocomotion=""/Game/Characters/UEFN_Mannequin/Animations/Weapon/Ranged/Rifle/Locomotion/BS_Locomotion_Rifle.BS_Locomotion_Rifle"",AimOffset=""/Game/Characters/UEFN_Mannequin/Animations/Weapon/Ranged/Rifle/AO/AO_WeaponAim_Rifle.AO_WeaponAim_Rifle"",ADSPose=""/Game/Characters/UEFN_Mannequin/Animations/Weapon/Ranged/Rifle/MF_Rifle_Idle_ADS.MF_Rifle_Idle_ADS"",SprintPose=""/Game/Characters/UEFN_Mannequin/Animations/Weapon/Ranged/Rifle/MM_Rifle_Sprint_Impulse.MM_Rifle_Sprint_Impulse"",AttackMontage=""/Game/Characters/UEFN_Mannequin/Animations/Weapon/Montages/Ranged/AM_Rifle_Fire.AM_Rifle_Fire"",EquipMontage=""/Game/Characters/UEFN_Mannequin/Animations/Weapon/Montages/Ranged/AM_Rifle_Equip.AM_Rifle_Equip"",ReloadMontage=""/Game/Characters/UEFN_Mannequin/Animations/Weapon/Montages/Ranged/AM_Rifle_Reload.AM_Rifle_Reload"")","(AmmoType=(TagName=""Ammo.Pistol""),MagazineSize=25,MaxReserveAmmo=200,RoundsPerMinute=780.000000,FireMode=FullAuto,BurstCount=3,PelletsPerShot=1,FireSound=""/Game/Weapons/Ranged/Pistol/Sounds/Weapons/Pistol/Weapons_Pistol_Punch-Close_Cue.Weapons_Pistol_Punch-Close_Cue"",VerticalRecoil=0.800000,HorizontalRecoil=0.450000,RecoilRecoverySpeed=11.500000,FireCameraShake=""/Script/Engine.BlueprintGeneratedClass'/Game/GameAbilitySystem/CameraShake/CS_WeaponFire.CS_WeaponFire_C'"",FireCameraShakeScale=0.900000,ADSFOV=62.000000,ADSSpeedMultiplier=0.620000,ADSBlendSpeed=14.000000,ADSRecoilMultiplier=0.550000,BaseSpreadDegrees=2.400000,ADSSpreadMultiplier=0.200000,MovingSpreadMultiplier=1.500000,FireFocusPulse=0.200000,MuzzleSocket=""Muzzle"")","(Reach=10000.000000,SweepRadius=40.000000,ArcDegrees=90.000000,HitTime=0.200000,AttackDuration=0.600000,TraceHeight=40.000000,StaminaCost=0.000000,MaxTargets=0,TraceStartSocket=""TraceStart"",TraceEndSocket=""TraceEnd"",SwingSound=None,SwingTrailVFX=None,TrailSocketName=""TrailSocket"")","((SlotTag=(TagName=""AttachmentSlot.Optic""),MeshSocket=""Scope"",AllowedAttachmentTags=(GameplayTags=)),(SlotTag=(TagName=""AttachmentSlot.Muzzle""),MeshSocket=""Barrel"",AllowedAttachmentTags=(GameplayTags=)),(SlotTag=(TagName=""AttachmentSlot.Grip""),MeshSocket=""Grip"",AllowedAttachmentTags=(GameplayTags=)),(SlotTag=(TagName=""AttachmentSlot.ForeEnd""),MeshSocket=""ForeEnd"",AllowedAttachmentTags=(GameplayTags=)))"
Item_Weapon_V014,"(TagName=""Item.Weapon.V014"")","Ranged","Primary","SMG","/Game/Blueprint/Weapons/SMG/BP_W_V014.BP_W_V014_C","(BaseDamage=13.000000,EffectiveRange=10000.000000,MobilityMultiplier=1.050000,HeadshotMultiplier=1.800000,DamageEffect=""/Script/Engine.BlueprintGeneratedClass'/Game/GameAbilitySystem/Effects/GE_Damage.GE_Damage_C'"",AbilitySet=""/Game/GameAbilitySystem/DataAssets/Base/DA_WeaponAbilitySet.DA_WeaponAbilitySet"")","(WeaponMesh=""/Game/Weapons/Mesh/SMG/SK_V014_SMG_Yaxis.SK_V014_SMG_Yaxis"",AttachSocket=""hand_r_Socket"",AttachOffset=(Rotation=(X=0.000000,Y=0.000000,Z=0.000000,W=1.000000),Translation=(X=0.000000,Y=0.000000,Z=0.000000),Scale3D=(X=1.000000,Y=1.000000,Z=1.000000)),FixedParts=((Socket=""IRS"",Mesh=""/Game/Weapons/Mesh/Attachment/SM_V014_IronSight.SM_V014_IronSight""),(Socket=""Mag"",Mesh=""/Game/Weapons/Mesh/SMG/SM_V014_Mag.SM_V014_Mag"")),OverlayLocomotion=""/Game/Characters/UEFN_Mannequin/Animations/Weapon/Ranged/Rifle/Locomotion/BS_Locomotion_Rifle.BS_Locomotion_Rifle"",AimOffset=""/Game/Characters/UEFN_Mannequin/Animations/Weapon/Ranged/Rifle/AO/AO_WeaponAim_Rifle.AO_WeaponAim_Rifle"",ADSPose=""/Game/Characters/UEFN_Mannequin/Animations/Weapon/Ranged/Rifle/MF_Rifle_Idle_ADS.MF_Rifle_Idle_ADS"",SprintPose=""/Game/Characters/UEFN_Mannequin/Animations/Weapon/Ranged/Rifle/MM_Rifle_Sprint_Impulse.MM_Rifle_Sprint_Impulse"",AttackMontage=""/Game/Characters/UEFN_Mannequin/Animations/Weapon/Montages/Ranged/AM_Rifle_Fire.AM_Rifle_Fire"",EquipMontage=""/Game/Characters/UEFN_Mannequin/Animations/Weapon/Montages/Ranged/AM_Rifle_Equip.AM_Rifle_Equip"",ReloadMontage=""/Game/Characters/UEFN_Mannequin/Animations/Weapon/Montages/Ranged/AM_Rifle_Reload.AM_Rifle_Reload"")","(AmmoType=(TagName=""Ammo.Pistol""),MagazineSize=32,MaxReserveAmmo=200,RoundsPerMinute=1050.000000,FireMode=FullAuto,BurstCount=3,PelletsPerShot=1,FireSound=""/Game/Weapons/Ranged/Pistol/Sounds/Weapons/Pistol/Weapons_Pistol_Punch-Close_Cue.Weapons_Pistol_Punch-Close_Cue"",VerticalRecoil=0.600000,HorizontalRecoil=0.550000,RecoilRecoverySpeed=13.000000,FireCameraShake=""/Script/Engine.BlueprintGeneratedClass'/Game/GameAbilitySystem/CameraShake/CS_WeaponFire.CS_WeaponFire_C'"",FireCameraShakeScale=0.800000,ADSFOV=62.000000,ADSSpeedMultiplier=0.680000,ADSBlendSpeed=14.000000,ADSRecoilMultiplier=0.550000,BaseSpreadDegrees=2.900000,ADSSpreadMultiplier=0.250000,MovingSpreadMultiplier=1.400000,FireFocusPulse=0.180000,MuzzleSocket=""Muzzle"")","(Reach=10000.000000,SweepRadius=40.000000,ArcDegrees=90.000000,HitTime=0.200000,AttackDuration=0.600000,TraceHeight=40.000000,StaminaCost=0.000000,MaxTargets=0,TraceStartSocket=""TraceStart"",TraceEndSocket=""TraceEnd"",SwingSound=None,SwingTrailVFX=None,TrailSocketName=""TrailSocket"")","((SlotTag=(TagName=""AttachmentSlot.Optic""),MeshSocket=""Scope"",AllowedAttachmentTags=(GameplayTags=)),(SlotTag=(TagName=""AttachmentSlot.Muzzle""),MeshSocket=""Barrel"",AllowedAttachmentTags=(GameplayTags=)),(SlotTag=(TagName=""AttachmentSlot.Grip""),MeshSocket=""Grip"",AllowedAttachmentTags=(GameplayTags=)),(SlotTag=(TagName=""AttachmentSlot.ForeEnd""),MeshSocket=""ForeEnd"",AllowedAttachmentTags=(GameplayTags=)))"
Item_Weapon_M890,"(TagName=""Item.Weapon.M890"")","Ranged","Primary","Shotgun","/Game/Blueprint/Weapons/ShotGun/BP_W_M890.BP_W_M890_C","(BaseDamage=13.000000,EffectiveRange=10000.000000,MobilityMultiplier=0.880000,HeadshotMultiplier=1.500000,DamageEffect=""/Script/Engine.BlueprintGeneratedClass'/Game/GameAbilitySystem/Effects/GE_Damage.GE_Damage_C'"",AbilitySet=""/Game/GameAbilitySystem/DataAssets/Base/DA_WeaponAbilitySet.DA_WeaponAbilitySet"")","(WeaponMesh=""/Game/Weapons/Mesh/Shotgun/SK_M890_Shotgun_Yaxis.SK_M890_Shotgun_Yaxis"",AttachSocket=""hand_r_Socket"",AttachOffset=(Rotation=(X=0.000000,Y=0.000000,Z=0.000000,W=1.000000),Translation=(X=0.000000,Y=0.000000,Z=0.000000),Scale3D=(X=1.000000,Y=1.000000,Z=1.000000)),FixedParts=((Socket=""IRS"",Mesh=""/Game/Weapons/Mesh/Attachment/SM_M890_IronSight.SM_M890_IronSight""),(Socket=""Mag"",Mesh=""/Game/Weapons/Mesh/Shotgun/SM_M890_MagLoaded.SM_M890_MagLoaded"")),OverlayLocomotion=""/Game/Characters/UEFN_Mannequin/Animations/Weapon/Ranged/Rifle/Locomotion/BS_Locomotion_Rifle.BS_Locomotion_Rifle"",AimOffset=""/Game/Characters/UEFN_Mannequin/Animations/Weapon/Ranged/Rifle/AO/AO_WeaponAim_Rifle.AO_WeaponAim_Rifle"",ADSPose=""/Game/Characters/UEFN_Mannequin/Animations/Weapon/Ranged/Shotgun/MM_Shotgun_Idle_ADS.MM_Shotgun_Idle_ADS"",SprintPose=""/Game/Characters/UEFN_Mannequin/Animations/Weapon/Ranged/Rifle/MM_Rifle_Sprint_Impulse.MM_Rifle_Sprint_Impulse"",AttackMontage=""/Game/Characters/UEFN_Mannequin/Animations/Weapon/Montages/Ranged/AM_Shotgun_Fire.AM_Shotgun_Fire"",EquipMontage=""/Game/Characters/UEFN_Mannequin/Animations/Weapon/Montages/Ranged/AM_Shotgun_Eqiup.AM_Shotgun_Eqiup"",ReloadMontage=""/Game/Characters/UEFN_Mannequin/Animations/Weapon/Montages/Ranged/AM_Shotgun_Reload.AM_Shotgun_Reload"")","(AmmoType=(TagName=""Ammo.Shotgun""),MagazineSize=6,MaxReserveAmmo=60,RoundsPerMinute=75.000000,FireMode=Single,BurstCount=3,PelletsPerShot=8,FireSound=""/Game/Weapons/Ranged/Shotgun/Sounds/Weapons/Shotgun/Weapons_Shogun_Fire_Cue.Weapons_Shogun_Fire_Cue"",VerticalRecoil=5.000000,HorizontalRecoil=1.600000,RecoilRecoverySpeed=4.500000,FireCameraShake=""/Script/Engine.BlueprintGeneratedClass'/Game/GameAbilitySystem/CameraShake/CS_WeaponFire.CS_WeaponFire_C'"",FireCameraShakeScale=2.800000,ADSFOV=68.000000,ADSSpeedMultiplier=0.500000,ADSBlendSpeed=10.000000,ADSRecoilMultiplier=0.900000,BaseSpreadDegrees=5.500000,ADSSpreadMultiplier=0.650000,MovingSpreadMultiplier=1.800000,FireFocusPulse=0.300000,MuzzleSocket=""Muzzle"")","(Reach=10000.000000,SweepRadius=40.000000,ArcDegrees=90.000000,HitTime=0.200000,AttackDuration=0.600000,TraceHeight=40.000000,StaminaCost=0.000000,MaxTargets=0,TraceStartSocket=""TraceStart"",TraceEndSocket=""TraceEnd"",SwingSound=None,SwingTrailVFX=None,TrailSocketName=""TrailSocket"")","((SlotTag=(TagName=""AttachmentSlot.Optic""),MeshSocket=""Scope"",AllowedAttachmentTags=(GameplayTags=)),(SlotTag=(TagName=""AttachmentSlot.Muzzle""),MeshSocket=""Barrel"",AllowedAttachmentTags=(GameplayTags=)),(SlotTag=(TagName=""AttachmentSlot.Grip""),MeshSocket=""Grip"",AllowedAttachmentTags=(GameplayTags=)),(SlotTag=(TagName=""AttachmentSlot.ForeEnd""),MeshSocket=""ForeEnd"",AllowedAttachmentTags=(GameplayTags=)))"
Item_Weapon_Remore046,"(TagName=""Item.Weapon.Remore046"")","Ranged","Primary","Shotgun","/Game/Blueprint/Weapons/ShotGun/BP_W_Remore046.BP_W_Remore046_C","(BaseDamage=11.000000,EffectiveRange=10000.000000,MobilityMultiplier=0.850000,HeadshotMultiplier=1.500000,DamageEffect=""/Script/Engine.BlueprintGeneratedClass'/Game/GameAbilitySystem/Effects/GE_Damage.GE_Damage_C'"",AbilitySet=""/Game/GameAbilitySystem/DataAssets/Base/DA_WeaponAbilitySet.DA_WeaponAbilitySet"")","(WeaponMesh=""/Game/Weapons/Mesh/Shotgun/SK_Remore_Shotgun_Yaxis.SK_Remore_Shotgun_Yaxis"",AttachSocket=""hand_r_Socket"",AttachOffset=(Rotation=(X=0.000000,Y=0.000000,Z=0.000000,W=1.000000),Translation=(X=0.000000,Y=0.000000,Z=0.000000),Scale3D=(X=1.000000,Y=1.000000,Z=1.000000)),FixedParts=((Socket=""IRS"",Mesh=""/Game/Weapons/Mesh/Attachment/SM_Remore-046_IronSight.SM_Remore-046_IronSight"")),OverlayLocomotion=""/Game/Characters/UEFN_Mannequin/Animations/Weapon/Ranged/Rifle/Locomotion/BS_Locomotion_Rifle.BS_Locomotion_Rifle"",AimOffset=""/Game/Characters/UEFN_Mannequin/Animations/Weapon/Ranged/Rifle/AO/AO_WeaponAim_Rifle.AO_WeaponAim_Rifle"",ADSPose=""/Game/Characters/UEFN_Mannequin/Animations/Weapon/Ranged/Shotgun/MM_Shotgun_Idle_ADS.MM_Shotgun_Idle_ADS"",SprintPose=""/Game/Characters/UEFN_Mannequin/Animations/Weapon/Ranged/Rifle/MM_Rifle_Sprint_Impulse.MM_Rifle_Sprint_Impulse"",AttackMontage=""/Game/Characters/UEFN_Mannequin/Animations/Weapon/Montages/Ranged/AM_Shotgun_Fire.AM_Shotgun_Fire"",EquipMontage=""/Game/Characters/UEFN_Mannequin/Animations/Weapon/Montages/Ranged/AM_Shotgun_Eqiup.AM_Shotgun_Eqiup"",ReloadMontage=""/Game/Characters/UEFN_Mannequin/Animations/Weapon/Montages/Ranged/AM_Shotgun_Reload.AM_Shotgun_Reload"")","(AmmoType=(TagName=""Ammo.Shotgun""),MagazineSize=8,MaxReserveAmmo=60,RoundsPerMinute=180.000000,FireMode=Single,BurstCount=3,PelletsPerShot=8,FireSound=""/Game/Weapons/Ranged/Shotgun/Sounds/Weapons/Shotgun/Weapons_Shogun_Fire_Cue.Weapons_Shogun_Fire_Cue"",VerticalRecoil=4.000000,HorizontalRecoil=1.400000,RecoilRecoverySpeed=5.000000,FireCameraShake=""/Script/Engine.BlueprintGeneratedClass'/Game/GameAbilitySystem/CameraShake/CS_WeaponFire.CS_WeaponFire_C'"",FireCameraShakeScale=2.400000,ADSFOV=68.000000,ADSSpeedMultiplier=0.480000,ADSBlendSpeed=10.000000,ADSRecoilMultiplier=0.850000,BaseSpreadDegrees=6.000000,ADSSpreadMultiplier=0.700000,MovingSpreadMultiplier=1.800000,FireFocusPulse=0.280000,MuzzleSocket=""Muzzle"")","(Reach=10000.000000,SweepRadius=40.000000,ArcDegrees=90.000000,HitTime=0.200000,AttackDuration=0.600000,TraceHeight=40.000000,StaminaCost=0.000000,MaxTargets=0,TraceStartSocket=""TraceStart"",TraceEndSocket=""TraceEnd"",SwingSound=None,SwingTrailVFX=None,TrailSocketName=""TrailSocket"")","((SlotTag=(TagName=""AttachmentSlot.Optic""),MeshSocket=""Scope"",AllowedAttachmentTags=(GameplayTags=)),(SlotTag=(TagName=""AttachmentSlot.Muzzle""),MeshSocket=""Barrel"",AllowedAttachmentTags=(GameplayTags=)),(SlotTag=(TagName=""AttachmentSlot.Grip""),MeshSocket=""Grip"",AllowedAttachmentTags=(GameplayTags=)),(SlotTag=(TagName=""AttachmentSlot.ForeEnd""),MeshSocket=""ForeEnd"",AllowedAttachmentTags=(GameplayTags=)))"
Item_Weapon_CM2000,"(TagName=""Item.Weapon.CM2000"")","Ranged","Primary","SniperRifle","/Game/Blueprint/Weapons/SniperRifle/BP_W_CM2000.BP_W_CM2000_C","(BaseDamage=95.000000,EffectiveRange=10000.000000,MobilityMultiplier=0.720000,HeadshotMultiplier=2.500000,DamageEffect=""/Script/Engine.BlueprintGeneratedClass'/Game/GameAbilitySystem/Effects/GE_Damage.GE_Damage_C'"",AbilitySet=""/Game/GameAbilitySystem/DataAssets/Base/DA_WeaponAbilitySet.DA_WeaponAbilitySet"")","(WeaponMesh=""/Game/Weapons/Mesh/Sniper/SK_CM-2000_Sniper_Yaxis.SK_CM-2000_Sniper_Yaxis"",AttachSocket=""hand_r_Socket"",AttachOffset=(Rotation=(X=0.000000,Y=0.000000,Z=0.000000,W=1.000000),Translation=(X=0.000000,Y=0.000000,Z=0.000000),Scale3D=(X=1.000000,Y=1.000000,Z=1.000000)),FixedParts=,OverlayLocomotion=""/Game/Characters/UEFN_Mannequin/Animations/Weapon/Ranged/Rifle/Locomotion/BS_Locomotion_Rifle.BS_Locomotion_Rifle"",AimOffset=""/Game/Characters/UEFN_Mannequin/Animations/Weapon/Ranged/Rifle/AO/AO_WeaponAim_Rifle.AO_WeaponAim_Rifle"",ADSPose=""/Game/Characters/UEFN_Mannequin/Animations/Weapon/Ranged/Rifle/MF_Rifle_Idle_ADS.MF_Rifle_Idle_ADS"",SprintPose=""/Game/Characters/UEFN_Mannequin/Animations/Weapon/Ranged/Rifle/MM_Rifle_Sprint_Impulse.MM_Rifle_Sprint_Impulse"",AttackMontage=""/Game/Characters/UEFN_Mannequin/Animations/Weapon/Montages/Ranged/AM_Rifle_Fire.AM_Rifle_Fire"",EquipMontage=""/Game/Characters/UEFN_Mannequin/Animations/Weapon/Montages/Ranged/AM_Rifle_Equip.AM_Rifle_Equip"",ReloadMontage=""/Game/Characters/UEFN_Mannequin/Animations/Weapon/Montages/Ranged/AM_Rifle_Reload.AM_Rifle_Reload"")","(AmmoType=(TagName=""Ammo.SniperRifle""),MagazineSize=5,MaxReserveAmmo=30,RoundsPerMinute=45.000000,FireMode=Single,BurstCount=3,PelletsPerShot=1,FireSound=""/Game/Weapons/Ranged/Rifle/Sounds/Cue/CUE_RifleB_Fire_End_ST03_Cue.CUE_RifleB_Fire_End_ST03_Cue"",VerticalRecoil=6.500000,HorizontalRecoil=0.900000,RecoilRecoverySpeed=3.000000,FireCameraShake=""/Script/Engine.BlueprintGeneratedClass'/Game/GameAbilitySystem/CameraShake/CS_WeaponFire.CS_WeaponFire_C'"",FireCameraShakeScale=3.500000,ADSFOV=26.000000,ADSSpeedMultiplier=0.300000,ADSBlendSpeed=7.000000,ADSRecoilMultiplier=0.950000,BaseSpreadDegrees=1.200000,ADSSpreadMultiplier=0.050000,MovingSpreadMultiplier=3.000000,FireFocusPulse=0.120000,MuzzleSocket=""Muzzle"")","(Reach=10000.000000,SweepRadius=40.000000,ArcDegrees=90.000000,HitTime=0.200000,AttackDuration=0.600000,TraceHeight=40.000000,StaminaCost=0.000000,MaxTargets=0,TraceStartSocket=""TraceStart"",TraceEndSocket=""TraceEnd"",SwingSound=None,SwingTrailVFX=None,TrailSocketName=""TrailSocket"")","((SlotTag=(TagName=""AttachmentSlot.Optic""),MeshSocket=""Sniper"",AllowedAttachmentTags=(GameplayTags=)),(SlotTag=(TagName=""AttachmentSlot.Muzzle""),MeshSocket=""Barrel"",AllowedAttachmentTags=(GameplayTags=)),(SlotTag=(TagName=""AttachmentSlot.ForeEnd""),MeshSocket=""ForeEnd"",AllowedAttachmentTags=(GameplayTags=)))"
Item_Weapon_SCB750,"(TagName=""Item.Weapon.SCB750"")","Ranged","Primary","SniperRifle","/Game/Blueprint/Weapons/SniperRifle/BP_W_SCB750.BP_W_SCB750_C","(BaseDamage=70.000000,EffectiveRange=10000.000000,MobilityMultiplier=0.780000,HeadshotMultiplier=2.200000,DamageEffect=""/Script/Engine.BlueprintGeneratedClass'/Game/GameAbilitySystem/Effects/GE_Damage.GE_Damage_C'"",AbilitySet=""/Game/GameAbilitySystem/DataAssets/Base/DA_WeaponAbilitySet.DA_WeaponAbilitySet"")","(WeaponMesh=""/Game/Weapons/Mesh/Sniper/SK_SCB_750_Sniper_YAxis.SK_SCB_750_Sniper_YAxis"",AttachSocket=""hand_r_Socket"",AttachOffset=(Rotation=(X=0.000000,Y=0.000000,Z=0.000000,W=1.000000),Translation=(X=0.000000,Y=0.000000,Z=0.000000),Scale3D=(X=1.000000,Y=1.000000,Z=1.000000)),FixedParts=,OverlayLocomotion=""/Game/Characters/UEFN_Mannequin/Animations/Weapon/Ranged/Rifle/Locomotion/BS_Locomotion_Rifle.BS_Locomotion_Rifle"",AimOffset=""/Game/Characters/UEFN_Mannequin/Animations/Weapon/Ranged/Rifle/AO/AO_WeaponAim_Rifle.AO_WeaponAim_Rifle"",ADSPose=""/Game/Characters/UEFN_Mannequin/Animations/Weapon/Ranged/Rifle/MF_Rifle_Idle_ADS.MF_Rifle_Idle_ADS"",SprintPose=""/Game/Characters/UEFN_Mannequin/Animations/Weapon/Ranged/Rifle/MM_Rifle_Sprint_Impulse.MM_Rifle_Sprint_Impulse"",AttackMontage=""/Game/Characters/UEFN_Mannequin/Animations/Weapon/Montages/Ranged/AM_Rifle_Fire.AM_Rifle_Fire"",EquipMontage=""/Game/Characters/UEFN_Mannequin/Animations/Weapon/Montages/Ranged/AM_Rifle_Equip.AM_Rifle_Equip"",ReloadMontage=""/Game/Characters/UEFN_Mannequin/Animations/Weapon/Montages/Ranged/AM_Rifle_Reload.AM_Rifle_Reload"")","(AmmoType=(TagName=""Ammo.SniperRifle""),MagazineSize=10,MaxReserveAmmo=40,RoundsPerMinute=150.000000,FireMode=Single,BurstCount=3,PelletsPerShot=1,FireSound=""/Game/Weapons/Ranged/Rifle/Sounds/Cue/CUE_RifleB_Fire_End_ST03_Cue.CUE_RifleB_Fire_End_ST03_Cue"",VerticalRecoil=4.200000,HorizontalRecoil=0.700000,RecoilRecoverySpeed=4.000000,FireCameraShake=""/Script/Engine.BlueprintGeneratedClass'/Game/GameAbilitySystem/CameraShake/CS_WeaponFire.CS_WeaponFire_C'"",FireCameraShakeScale=2.600000,ADSFOV=32.000000,ADSSpeedMultiplier=0.350000,ADSBlendSpeed=7.000000,ADSRecoilMultiplier=0.900000,BaseSpreadDegrees=1.400000,ADSSpreadMultiplier=0.100000,MovingSpreadMultiplier=2.600000,FireFocusPulse=0.120000,MuzzleSocket=""Muzzle"")","(Reach=10000.000000,SweepRadius=40.000000,ArcDegrees=90.000000,HitTime=0.200000,AttackDuration=0.600000,TraceHeight=40.000000,StaminaCost=0.000000,MaxTargets=0,TraceStartSocket=""TraceStart"",TraceEndSocket=""TraceEnd"",SwingSound=None,SwingTrailVFX=None,TrailSocketName=""TrailSocket"")","((SlotTag=(TagName=""AttachmentSlot.Optic""),MeshSocket=""Sniper"",AllowedAttachmentTags=(GameplayTags=)),(SlotTag=(TagName=""AttachmentSlot.Muzzle""),MeshSocket=""Barrel"",AllowedAttachmentTags=(GameplayTags=)),(SlotTag=(TagName=""AttachmentSlot.ForeEnd""),MeshSocket=""ForeEnd"",AllowedAttachmentTags=(GameplayTags=)))"
Item_Weapon_DE42,"(TagName=""Item.Weapon.DE42"")","Ranged","Secondary","Pistol","/Game/Blueprint/Weapons/Pistol/BP_W_DE42.BP_W_DE42_C","(BaseDamage=42.000000,EffectiveRange=10000.000000,MobilityMultiplier=1.050000,HeadshotMultiplier=2.000000,DamageEffect=""/Script/Engine.BlueprintGeneratedClass'/Game/GameAbilitySystem/Effects/GE_Damage.GE_Damage_C'"",AbilitySet=""/Game/GameAbilitySystem/DataAssets/Base/DA_WeaponAbilitySet.DA_WeaponAbilitySet"")","(WeaponMesh=""/Game/Weapons/Mesh/Pistol/SK_DE-42_Pistol.SK_DE-42_Pistol"",AttachSocket=""hand_r_Socket_Pistol"",AttachOffset=(Rotation=(X=0.000000,Y=0.000000,Z=0.000000,W=1.000000),Translation=(X=0.000000,Y=0.000000,Z=0.000000),Scale3D=(X=1.000000,Y=1.000000,Z=1.000000)),FixedParts=,OverlayLocomotion=""/Game/Characters/UEFN_Mannequin/Animations/Weapon/Ranged/Pistol/Locomotion/BS_Locomotion_Pistol.BS_Locomotion_Pistol"",AimOffset=""/Game/Characters/UEFN_Mannequin/Animations/Weapon/Ranged/Pistol/AO/AO_WeaponAim_Pistol.AO_WeaponAim_Pistol"",ADSPose=""/Game/Characters/UEFN_Mannequin/Animations/Weapon/Ranged/Pistol/MF_Pistol_Idle_ADS.MF_Pistol_Idle_ADS"",SprintPose=None,AttackMontage=""/Game/Characters/UEFN_Mannequin/Animations/Weapon/Montages/Ranged/AM_Pistol_Fire.AM_Pistol_Fire"",EquipMontage=""/Game/Characters/UEFN_Mannequin/Animations/Weapon/Montages/Ranged/AM_Pistol_Equip.AM_Pistol_Equip"",ReloadMontage=""/Game/Characters/UEFN_Mannequin/Animations/Weapon/Montages/Ranged/AM_Pistol_Reload.AM_Pistol_Reload"")","(AmmoType=(TagName=""Ammo.Pistol""),MagazineSize=7,MaxReserveAmmo=90,RoundsPerMinute=170.000000,FireMode=Single,BurstCount=3,PelletsPerShot=1,FireSound=""/Game/Weapons/Ranged/Pistol/Sounds/Weapons/Pistol/Weapons_Pistol_Punch-Close_Cue.Weapons_Pistol_Punch-Close_Cue"",VerticalRecoil=2.200000,HorizontalRecoil=0.600000,RecoilRecoverySpeed=9.000000,FireCameraShake=""/Script/Engine.BlueprintGeneratedClass'/Game/GameAbilitySystem/CameraShake/CS_WeaponFire.CS_WeaponFire_C'"",FireCameraShakeScale=1.600000,ADSFOV=70.000000,ADSSpeedMultiplier=0.720000,ADSBlendSpeed=18.000000,ADSRecoilMultiplier=0.800000,BaseSpreadDegrees=3.200000,ADSSpreadMultiplier=0.150000,MovingSpreadMultiplier=1.500000,FireFocusPulse=0.250000,MuzzleSocket=""Muzzle"")","(Reach=10000.000000,SweepRadius=40.000000,ArcDegrees=90.000000,HitTime=0.200000,AttackDuration=0.600000,TraceHeight=40.000000,StaminaCost=0.000000,MaxTargets=0,TraceStartSocket=""TraceStart"",TraceEndSocket=""TraceEnd"",SwingSound=None,SwingTrailVFX=None,TrailSocketName=""TrailSocket"")","((SlotTag=(TagName=""AttachmentSlot.Optic""),MeshSocket=""Scope"",AllowedAttachmentTags=(GameplayTags=)),(SlotTag=(TagName=""AttachmentSlot.Muzzle""),MeshSocket=""Barrel"",AllowedAttachmentTags=(GameplayTags=)))"
Item_Weapon_NFP16,"(TagName=""Item.Weapon.NFP16"")","Ranged","Secondary","Pistol","/Game/Blueprint/Weapons/Pistol/BP_W_NFP16.BP_W_NFP16_C","(BaseDamage=18.000000,EffectiveRange=10000.000000,MobilityMultiplier=1.100000,HeadshotMultiplier=2.000000,DamageEffect=""/Script/Engine.BlueprintGeneratedClass'/Game/GameAbilitySystem/Effects/GE_Damage.GE_Damage_C'"",AbilitySet=""/Game/GameAbilitySystem/DataAssets/Base/DA_WeaponAbilitySet.DA_WeaponAbilitySet"")","(WeaponMesh=""/Game/Weapons/Mesh/Pistol/SK_NFP-16_Yaxis.SK_NFP-16_Yaxis"",AttachSocket=""hand_r_Socket_Pistol"",AttachOffset=(Rotation=(X=0.000000,Y=0.000000,Z=0.000000,W=1.000000),Translation=(X=0.000000,Y=0.000000,Z=0.000000),Scale3D=(X=1.000000,Y=1.000000,Z=1.000000)),FixedParts=((Socket=""Mag"",Mesh=""/Game/Weapons/Mesh/Pistol/SM_NFP-16_Mag.SM_NFP-16_Mag"")),OverlayLocomotion=""/Game/Characters/UEFN_Mannequin/Animations/Weapon/Ranged/Pistol/Locomotion/BS_Locomotion_Pistol.BS_Locomotion_Pistol"",AimOffset=""/Game/Characters/UEFN_Mannequin/Animations/Weapon/Ranged/Pistol/AO/AO_WeaponAim_Pistol.AO_WeaponAim_Pistol"",ADSPose=""/Game/Characters/UEFN_Mannequin/Animations/Weapon/Ranged/Pistol/MF_Pistol_Idle_ADS.MF_Pistol_Idle_ADS"",SprintPose=None,AttackMontage=""/Game/Characters/UEFN_Mannequin/Animations/Weapon/Montages/Ranged/AM_Pistol_Fire.AM_Pistol_Fire"",EquipMontage=""/Game/Characters/UEFN_Mannequin/Animations/Weapon/Montages/Ranged/AM_Pistol_Equip.AM_Pistol_Equip"",ReloadMontage=""/Game/Characters/UEFN_Mannequin/Animations/Weapon/Montages/Ranged/AM_Pistol_Reload.AM_Pistol_Reload"")","(AmmoType=(TagName=""Ammo.Pistol""),MagazineSize=17,MaxReserveAmmo=120,RoundsPerMinute=420.000000,FireMode=Single,BurstCount=3,PelletsPerShot=1,FireSound=""/Game/Weapons/Ranged/Pistol/Sounds/Weapons/Pistol/Weapons_Pistol_Punch-Close_Cue.Weapons_Pistol_Punch-Close_Cue"",VerticalRecoil=0.850000,HorizontalRecoil=0.350000,RecoilRecoverySpeed=13.000000,FireCameraShake=""/Script/Engine.BlueprintGeneratedClass'/Game/GameAbilitySystem/CameraShake/CS_WeaponFire.CS_WeaponFire_C'"",FireCameraShakeScale=0.800000,ADSFOV=70.000000,ADSSpeedMultiplier=0.800000,ADSBlendSpeed=18.000000,ADSRecoilMultiplier=0.700000,BaseSpreadDegrees=2.800000,ADSSpreadMultiplier=0.120000,MovingSpreadMultiplier=1.500000,FireFocusPulse=0.250000,MuzzleSocket=""Muzzle"")","(Reach=10000.000000,SweepRadius=40.000000,ArcDegrees=90.000000,HitTime=0.200000,AttackDuration=0.600000,TraceHeight=40.000000,StaminaCost=0.000000,MaxTargets=0,TraceStartSocket=""TraceStart"",TraceEndSocket=""TraceEnd"",SwingSound=None,SwingTrailVFX=None,TrailSocketName=""TrailSocket"")","((SlotTag=(TagName=""AttachmentSlot.Optic""),MeshSocket=""Scope"",AllowedAttachmentTags=(GameplayTags=)),(SlotTag=(TagName=""AttachmentSlot.Muzzle""),MeshSocket=""Barrel"",AllowedAttachmentTags=(GameplayTags=)))"
Item_Weapon_Judge45,"(TagName=""Item.Weapon.Judge45"")","Ranged","Secondary","Pistol","/Game/Blueprint/Weapons/Pistol/BP_W_Judge45.BP_W_Judge45_C","(BaseDamage=34.000000,EffectiveRange=10000.000000,MobilityMultiplier=1.060000,HeadshotMultiplier=2.200000,DamageEffect=""/Script/Engine.BlueprintGeneratedClass'/Game/GameAbilitySystem/Effects/GE_Damage.GE_Damage_C'"",AbilitySet=""/Game/GameAbilitySystem/DataAssets/Base/DA_WeaponAbilitySet.DA_WeaponAbilitySet"")","(WeaponMesh=""/Game/Weapons/Mesh/Pistol/SK_Judge-45_Pistol_Yaxis.SK_Judge-45_Pistol_Yaxis"",AttachSocket=""hand_r_Socket_Pistol"",AttachOffset=(Rotation=(X=0.000000,Y=0.000000,Z=0.000000,W=1.000000),Translation=(X=0.000000,Y=0.000000,Z=0.000000),Scale3D=(X=1.000000,Y=1.000000,Z=1.000000)),FixedParts=,OverlayLocomotion=""/Game/Characters/UEFN_Mannequin/Animations/Weapon/Ranged/Pistol/Locomotion/BS_Locomotion_Pistol.BS_Locomotion_Pistol"",AimOffset=""/Game/Characters/UEFN_Mannequin/Animations/Weapon/Ranged/Pistol/AO/AO_WeaponAim_Pistol.AO_WeaponAim_Pistol"",ADSPose=""/Game/Characters/UEFN_Mannequin/Animations/Weapon/Ranged/Pistol/MF_Pistol_Idle_ADS.MF_Pistol_Idle_ADS"",SprintPose=None,AttackMontage=""/Game/Characters/UEFN_Mannequin/Animations/Weapon/Montages/Ranged/AM_Pistol_Fire.AM_Pistol_Fire"",EquipMontage=""/Game/Characters/UEFN_Mannequin/Animations/Weapon/Montages/Ranged/AM_Pistol_Equip.AM_Pistol_Equip"",ReloadMontage=""/Game/Characters/UEFN_Mannequin/Animations/Weapon/Montages/Ranged/AM_Pistol_Reload.AM_Pistol_Reload"")","(AmmoType=(TagName=""Ammo.Pistol""),MagazineSize=6,MaxReserveAmmo=90,RoundsPerMinute=150.000000,FireMode=Single,BurstCount=3,PelletsPerShot=1,FireSound=""/Game/Weapons/Ranged/Pistol/Sounds/Weapons/Pistol/Weapons_Pistol_Punch-Close_Cue.Weapons_Pistol_Punch-Close_Cue"",VerticalRecoil=1.900000,HorizontalRecoil=0.550000,RecoilRecoverySpeed=9.500000,FireCameraShake=""/Script/Engine.BlueprintGeneratedClass'/Game/GameAbilitySystem/CameraShake/CS_WeaponFire.CS_WeaponFire_C'"",FireCameraShakeScale=1.400000,ADSFOV=70.000000,ADSSpeedMultiplier=0.750000,ADSBlendSpeed=18.000000,ADSRecoilMultiplier=0.780000,BaseSpreadDegrees=3.400000,ADSSpreadMultiplier=0.140000,MovingSpreadMultiplier=1.500000,FireFocusPulse=0.250000,MuzzleSocket=""Muzzle"")","(Reach=10000.000000,SweepRadius=40.000000,ArcDegrees=90.000000,HitTime=0.200000,AttackDuration=0.600000,TraceHeight=40.000000,StaminaCost=0.000000,MaxTargets=0,TraceStartSocket=""TraceStart"",TraceEndSocket=""TraceEnd"",SwingSound=None,SwingTrailVFX=None,TrailSocketName=""TrailSocket"")","((SlotTag=(TagName=""AttachmentSlot.Optic""),MeshSocket=""Scope"",AllowedAttachmentTags=(GameplayTags=)),(SlotTag=(TagName=""AttachmentSlot.Muzzle""),MeshSocket=""Barrel"",AllowedAttachmentTags=(GameplayTags=)))"
Item_Weapon_PR9,"(TagName=""Item.Weapon.PR9"")","Ranged","Secondary","Pistol","/Game/Blueprint/Weapons/Pistol/BP_W_PR9.BP_W_PR9_C","(BaseDamage=30.000000,EffectiveRange=10000.000000,MobilityMultiplier=1.040000,HeadshotMultiplier=1.500000,DamageEffect=""/Script/Engine.BlueprintGeneratedClass'/Game/GameAbilitySystem/Effects/GE_Damage.GE_Damage_C'"",AbilitySet=""/Game/GameAbilitySystem/DataAssets/Base/DA_WeaponAbilitySet.DA_WeaponAbilitySet"")","(WeaponMesh=""/Game/Weapons/Mesh/Pistol/SK_PR-9_Raygun_Pistol_Yaxis.SK_PR-9_Raygun_Pistol_Yaxis"",AttachSocket=""hand_r_Socket_Pistol"",AttachOffset=(Rotation=(X=0.000000,Y=0.000000,Z=0.000000,W=1.000000),Translation=(X=0.000000,Y=0.000000,Z=0.000000),Scale3D=(X=1.000000,Y=1.000000,Z=1.000000)),FixedParts=((Socket=""Mag"",Mesh=""/Game/Weapons/Mesh/Pistol/SM_PR-9_Raygun_Mag.SM_PR-9_Raygun_Mag"")),OverlayLocomotion=""/Game/Characters/UEFN_Mannequin/Animations/Weapon/Ranged/Pistol/Locomotion/BS_Locomotion_Pistol.BS_Locomotion_Pistol"",AimOffset=""/Game/Characters/UEFN_Mannequin/Animations/Weapon/Ranged/Pistol/AO/AO_WeaponAim_Pistol.AO_WeaponAim_Pistol"",ADSPose=""/Game/Characters/UEFN_Mannequin/Animations/Weapon/Ranged/Pistol/MF_Pistol_Idle_ADS.MF_Pistol_Idle_ADS"",SprintPose=None,AttackMontage=""/Game/Characters/UEFN_Mannequin/Animations/Weapon/Montages/Ranged/AM_Pistol_Fire.AM_Pistol_Fire"",EquipMontage=""/Game/Characters/UEFN_Mannequin/Animations/Weapon/Montages/Ranged/AM_Pistol_Equip.AM_Pistol_Equip"",ReloadMontage=""/Game/Characters/UEFN_Mannequin/Animations/Weapon/Montages/Ranged/AM_Pistol_Reload.AM_Pistol_Reload"")","(AmmoType=(TagName=""Ammo.Pistol""),MagazineSize=20,MaxReserveAmmo=120,RoundsPerMinute=300.000000,FireMode=Single,BurstCount=3,PelletsPerShot=1,FireSound=""/Game/Weapons/Ranged/Pistol/Sounds/Weapons/Pistol/Weapons_Pistol_Punch-Close_Cue.Weapons_Pistol_Punch-Close_Cue"",VerticalRecoil=0.500000,HorizontalRecoil=0.200000,RecoilRecoverySpeed=14.000000,FireCameraShake=""/Script/Engine.BlueprintGeneratedClass'/Game/GameAbilitySystem/CameraShake/CS_WeaponFire.CS_WeaponFire_C'"",FireCameraShakeScale=0.500000,ADSFOV=70.000000,ADSSpeedMultiplier=0.780000,ADSBlendSpeed=18.000000,ADSRecoilMultiplier=0.600000,BaseSpreadDegrees=2.000000,ADSSpreadMultiplier=0.080000,MovingSpreadMultiplier=1.300000,FireFocusPulse=0.180000,MuzzleSocket=""Muzzle"")","(Reach=10000.000000,SweepRadius=40.000000,ArcDegrees=90.000000,HitTime=0.200000,AttackDuration=0.600000,TraceHeight=40.000000,StaminaCost=0.000000,MaxTargets=0,TraceStartSocket=""TraceStart"",TraceEndSocket=""TraceEnd"",SwingSound=None,SwingTrailVFX=None,TrailSocketName=""TrailSocket"")","((SlotTag=(TagName=""AttachmentSlot.Optic""),MeshSocket=""Scope"",AllowedAttachmentTags=(GameplayTags=)),(SlotTag=(TagName=""AttachmentSlot.Muzzle""),MeshSocket=""Barrel"",AllowedAttachmentTags=(GameplayTags=)))"
Item_Weapon_Knife1,"(TagName=""Item.Weapon.Knife1"")","Melee","Melee","Melee","/Game/Blueprint/Weapons/Melee/BP_W_Knife1.BP_W_Knife1_C","(BaseDamage=40.000000,EffectiveRange=130.000000,MobilityMultiplier=1.150000,HeadshotMultiplier=2.000000,DamageEffect=""/Script/Engine.BlueprintGeneratedClass'/Game/GameAbilitySystem/Effects/GE_Damage.GE_Damage_C'"",AbilitySet=""/Game/GameAbilitySystem/DataAssets/Base/DA_WeaponAbilitySet.DA_WeaponAbilitySet"")","(WeaponMesh=""/Game/Weapons/Mesh/Knife/SK_Knife1.SK_Knife1"",AttachSocket=""hand_r_Socket"",AttachOffset=(Rotation=(X=0.000000,Y=0.000000,Z=0.000000,W=1.000000),Translation=(X=0.000000,Y=0.000000,Z=0.000000),Scale3D=(X=1.000000,Y=1.000000,Z=1.000000)),FixedParts=,OverlayLocomotion=None,AimOffset=None,ADSPose=None,SprintPose=None,AttackMontage=""/Game/Characters/UEFN_Mannequin/Animations/Weapon/Montages/Melee/AM_Melee_Attack.AM_Melee_Attack"",EquipMontage=""/Game/Characters/UEFN_Mannequin/Animations/Weapon/Montages/Melee/AM_Melee_Equip_Axe.AM_Melee_Equip_Axe"",ReloadMontage=None)","(AmmoType=(TagName=""""),MagazineSize=30,MaxReserveAmmo=120,RoundsPerMinute=600.000000,FireMode=Single,BurstCount=3,PelletsPerShot=1,FireSound=None,VerticalRecoil=0.600000,HorizontalRecoil=0.300000,RecoilRecoverySpeed=8.000000,FireCameraShake=None,FireCameraShakeScale=1.000000,ADSFOV=50.000000,ADSSpeedMultiplier=0.500000,ADSBlendSpeed=12.000000,ADSRecoilMultiplier=0.500000,BaseSpreadDegrees=1.500000,ADSSpreadMultiplier=0.300000,MovingSpreadMultiplier=1.800000,FireFocusPulse=0.120000,MuzzleSocket=""Muzzle"")","(Reach=130.000000,SweepRadius=22.000000,ArcDegrees=70.000000,HitTime=0.140000,AttackDuration=0.450000,TraceHeight=30.000000,StaminaCost=0.000000,MaxTargets=1,TraceStartSocket=""TraceStart"",TraceEndSocket=""TraceEnd"",SwingSound=None,SwingTrailVFX=None,TrailSocketName=""TrailSocket"")","((SlotTag=(TagName=""AttachmentSlot.Melee.Mod""),MeshSocket=""ModSocket"",AllowedAttachmentTags=(GameplayTags=)))"
Item_Weapon_Knife2,"(TagName=""Item.Weapon.Knife2"")","Melee","Melee","Melee","/Game/Blueprint/Weapons/Melee/BP_W_Knife2.BP_W_Knife2_C","(BaseDamage=50.000000,EffectiveRange=140.000000,MobilityMultiplier=1.120000,HeadshotMultiplier=2.000000,DamageEffect=""/Script/Engine.BlueprintGeneratedClass'/Game/GameAbilitySystem/Effects/GE_Damage.GE_Damage_C'"",AbilitySet=""/Game/GameAbilitySystem/DataAssets/Base/DA_WeaponAbilitySet.DA_WeaponAbilitySet"")","(WeaponMesh=""/Game/Weapons/Mesh/Knife/SK_Knife2.SK_Knife2"",AttachSocket=""hand_r_Socket"",AttachOffset=(Rotation=(X=0.000000,Y=0.000000,Z=0.000000,W=1.000000),Translation=(X=0.000000,Y=0.000000,Z=0.000000),Scale3D=(X=1.000000,Y=1.000000,Z=1.000000)),FixedParts=,OverlayLocomotion=None,AimOffset=None,ADSPose=None,SprintPose=None,AttackMontage=""/Game/Characters/UEFN_Mannequin/Animations/Weapon/Montages/Melee/AM_Melee_Attack.AM_Melee_Attack"",EquipMontage=""/Game/Characters/UEFN_Mannequin/Animations/Weapon/Montages/Melee/AM_Melee_Equip_Axe.AM_Melee_Equip_Axe"",ReloadMontage=None)","(AmmoType=(TagName=""""),MagazineSize=30,MaxReserveAmmo=120,RoundsPerMinute=600.000000,FireMode=Single,BurstCount=3,PelletsPerShot=1,FireSound=None,VerticalRecoil=0.600000,HorizontalRecoil=0.300000,RecoilRecoverySpeed=8.000000,FireCameraShake=None,FireCameraShakeScale=1.000000,ADSFOV=50.000000,ADSSpeedMultiplier=0.500000,ADSBlendSpeed=12.000000,ADSRecoilMultiplier=0.500000,BaseSpreadDegrees=1.500000,ADSSpreadMultiplier=0.300000,MovingSpreadMultiplier=1.800000,FireFocusPulse=0.120000,MuzzleSocket=""Muzzle"")","(Reach=140.000000,SweepRadius=25.000000,ArcDegrees=75.000000,HitTime=0.160000,AttackDuration=0.520000,TraceHeight=32.000000,StaminaCost=0.000000,MaxTargets=1,TraceStartSocket=""TraceStart"",TraceEndSocket=""TraceEnd"",SwingSound=None,SwingTrailVFX=None,TrailSocketName=""TrailSocket"")","((SlotTag=(TagName=""AttachmentSlot.Melee.Mod""),MeshSocket=""ModSocket"",AllowedAttachmentTags=(GameplayTags=)))"
Item_Weapon_Knife3,"(TagName=""Item.Weapon.Knife3"")","Melee","Melee","Melee","/Game/Blueprint/Weapons/Melee/BP_W_Knife3.BP_W_Knife3_C","(BaseDamage=34.000000,EffectiveRange=120.000000,MobilityMultiplier=1.180000,HeadshotMultiplier=2.000000,DamageEffect=""/Script/Engine.BlueprintGeneratedClass'/Game/GameAbilitySystem/Effects/GE_Damage.GE_Damage_C'"",AbilitySet=""/Game/GameAbilitySystem/DataAssets/Base/DA_WeaponAbilitySet.DA_WeaponAbilitySet"")","(WeaponMesh=""/Game/Weapons/Mesh/Knife/SK_Knife3.SK_Knife3"",AttachSocket=""hand_r_Socket"",AttachOffset=(Rotation=(X=0.000000,Y=0.000000,Z=0.000000,W=1.000000),Translation=(X=0.000000,Y=0.000000,Z=0.000000),Scale3D=(X=1.000000,Y=1.000000,Z=1.000000)),FixedParts=,OverlayLocomotion=None,AimOffset=None,ADSPose=None,SprintPose=None,AttackMontage=""/Game/Characters/UEFN_Mannequin/Animations/Weapon/Montages/Melee/AM_Melee_Attack.AM_Melee_Attack"",EquipMontage=""/Game/Characters/UEFN_Mannequin/Animations/Weapon/Montages/Melee/AM_Melee_Equip_Axe.AM_Melee_Equip_Axe"",ReloadMontage=None)","(AmmoType=(TagName=""""),MagazineSize=30,MaxReserveAmmo=120,RoundsPerMinute=600.000000,FireMode=Single,BurstCount=3,PelletsPerShot=1,FireSound=None,VerticalRecoil=0.600000,HorizontalRecoil=0.300000,RecoilRecoverySpeed=8.000000,FireCameraShake=None,FireCameraShakeScale=1.000000,ADSFOV=50.000000,ADSSpeedMultiplier=0.500000,ADSBlendSpeed=12.000000,ADSRecoilMultiplier=0.500000,BaseSpreadDegrees=1.500000,ADSSpreadMultiplier=0.300000,MovingSpreadMultiplier=1.800000,FireFocusPulse=0.120000,MuzzleSocket=""Muzzle"")","(Reach=120.000000,SweepRadius=20.000000,ArcDegrees=65.000000,HitTime=0.120000,AttackDuration=0.380000,TraceHeight=28.000000,StaminaCost=0.000000,MaxTargets=1,TraceStartSocket=""TraceStart"",TraceEndSocket=""TraceEnd"",SwingSound=None,SwingTrailVFX=None,TrailSocketName=""TrailSocket"")","((SlotTag=(TagName=""AttachmentSlot.Melee.Mod""),MeshSocket=""ModSocket"",AllowedAttachmentTags=(GameplayTags=)))"
